instrument_token,exchange_token,tradingsymbol,name,last_price,expiry,strike,tick_size,lot_size,instrument_type,segment,exchange
21048834,82222,NIFTY22AUGFUT,NIFTY,0,2022-08-25,0,0.05,50,FUT,NFO-FUT,NFO
13756162,53735,NIFTY22JULFUT,NIFTY,0,2022-07-28,0,0.05,50,FUT,NFO-FUT,NFO
9604354,37517,NIFTY22SEPFUT,NIFTY,0,2022-09-29,0,0.05,50,FUT,NFO-FUT,NFO
21048578,82221,BANKNIFTY22AUGFUT,BANKNIFTY,0,2022-08-25,0,0.05,25,FUT,NFO-FUT,NFO
13755906,53734,BANKNIFTY22JULFUT,BANKNIFTY,0,2022-07-28,0,0.05,25,FUT,NFO-FUT,NFO
9604098,37516,BANKNIFTY22SEPFUT,BANKNIFTY,0,2022-09-29,0,0.05,25,FUT,NFO-FUT,NFO
21049090,82223,AARTIIND22AUGFUT,AARTIIND,0,2022-08-25,0,0.05,850,FUT,NFO-FUT,NFO
13756418,53736,AARTIIND22JULFUT,AARTIIND,0,2022-07-28,0,0.05,850,FUT,NFO-FUT,NFO
9607170,37528,AARTIIND22SEPFUT,AARTIIND,0,2022-09-29,0,0.05,850,FUT,NFO-FUT,NFO
21049346,82224,ABB22AUGFUT,ABB,0,2022-08-25,0,0.05,250,FUT,NFO-FUT,NFO
13758210,53743,ABB22JULFUT,ABB,0,2022-07-28,0,0.05,250,FUT,NFO-FUT,NFO
9612290,37548,ABB22SEPFUT,ABB,0,2022-09-29,0,0.05,250,FUT,NFO-FUT,NFO
21049602,82225,ABBOTINDIA22AUGFUT,ABBOTINDIA,0,2022-08-25,0,0.05,40,FUT,NFO-FUT,NFO
13758722,53745,ABBOTINDIA22JULFUT,ABBOTINDIA,0,2022-07-28,0,0.05,40,FUT,NFO-FUT,NFO
9612546,37549,ABBOTINDIA22SEPFUT,ABBOTINDIA,0,2022-09-29,0,0.05,40,FUT,NFO-FUT,NFO
21049858,82226,ABCAPITAL22AUGFUT,ABCAPITAL,0,2022-08-25,0,0.05,5400,FUT,NFO-FUT,NFO
13758978,53746,ABCAPITAL22JULFUT,ABCAPITAL,0,2022-07-28,0,0.05,5400,FUT,NFO-FUT,NFO
9619970,37578,ABCAPITAL22SEPFUT,ABCAPITAL,0,2022-09-29,0,0.05,5400,FUT,NFO-FUT,NFO
21050114,82227,ABFRL22AUGFUT,ABFRL,0,2022-08-25,0,0.05,2600,FUT,NFO-FUT,NFO
13759746,53749,ABFRL22JULFUT,ABFRL,0,2022-07-28,0,0.05,2600,FUT,NFO-FUT,NFO
9682690,37823,ABFRL22SEPFUT,ABFRL,0,2022-09-29,0,0.05,2600,FUT,NFO-FUT,NFO
21050370,82228,ACC22AUGFUT,ACC,0,2022-08-25,0,0.05,250,FUT,NFO-FUT,NFO
13760258,53751,ACC22JULFUT,ACC,0,2022-07-28,0,0.05,250,FUT,NFO-FUT,NFO
9682946,37824,ACC22SEPFUT,ACC,0,2022-09-29,0,0.05,250,FUT,NFO-FUT,NFO
21050626,82229,ADANIENT22AUGFUT,ADANIENT,0,2022-08-25,0,0.05,500,FUT,NFO-FUT,NFO
13760514,53752,ADANIENT22JULFUT,ADANIENT,0,2022-07-28,0,0.05,500,FUT,NFO-FUT,NFO
9683202,37825,ADANIENT22SEPFUT,ADANIENT,0,2022-09-29,0,0.05,500,FUT,NFO-FUT,NFO
21050882,82230,ADANIPORTS22AUGFUT,ADANIPORTS,0,2022-08-25,0,0.05,1250,FUT,NFO-FUT,NFO
13763074,53762,ADANIPORTS22JULFUT,ADANIPORTS,0,2022-07-28,0,0.05,1250,FUT,NFO-FUT,NFO
9683458,37826,ADANIPORTS22SEPFUT,ADANIPORTS,0,2022-09-29,0,0.05,1250,FUT,NFO-FUT,NFO
21051650,82233,ALKEM22AUGFUT,ALKEM,0,2022-08-25,0,0.05,200,FUT,NFO-FUT,NFO
13763330,53763,ALKEM22JULFUT,ALKEM,0,2022-07-28,0,0.05,200,FUT,NFO-FUT,NFO
9683714,37827,ALKEM22SEPFUT,ALKEM,0,2022-09-29,0,0.05,200,FUT,NFO-FUT,NFO
21051906,82234,AMARAJABAT22AUGFUT,AMARAJABAT,0,2022-08-25,0,0.05,1000,FUT,NFO-FUT,NFO
13763586,53764,AMARAJABAT22JULFUT,AMARAJABAT,0,2022-07-28,0,0.05,1000,FUT,NFO-FUT,NFO
9683970,37828,AMARAJABAT22SEPFUT,AMARAJABAT,0,2022-09-29,0,0.05,1000,FUT,NFO-FUT,NFO
21052162,82235,AMBUJACEM22AUGFUT,AMBUJACEM,0,2022-08-25,0,0.05,1800,FUT,NFO-FUT,NFO
13763842,53765,AMBUJACEM22JULFUT,AMBUJACEM,0,2022-07-28,0,0.05,1800,FUT,NFO-FUT,NFO
10300418,40236,AMBUJACEM22SEPFUT,AMBUJACEM,0,2022-09-29,0,0.05,1800,FUT,NFO-FUT,NFO
21052418,82236,APOLLOHOSP22AUGFUT,APOLLOHOSP,0,2022-08-25,0,0.05,125,FUT,NFO-FUT,NFO
13764098,53766,APOLLOHOSP22JULFUT,APOLLOHOSP,0,2022-07-28,0,0.05,125,FUT,NFO-FUT,NFO
10300674,40237,APOLLOHOSP22SEPFUT,APOLLOHOSP,0,2022-09-29,0,0.05,125,FUT,NFO-FUT,NFO
21052674,82237,APOLLOTYRE22AUGFUT,APOLLOTYRE,0,2022-08-25,0,0.05,3500,FUT,NFO-FUT,NFO
13764354,53767,APOLLOTYRE22JULFUT,APOLLOTYRE,0,2022-07-28,0,0.05,3500,FUT,NFO-FUT,NFO
10624258,41501,APOLLOTYRE22SEPFUT,APOLLOTYRE,0,2022-09-29,0,0.05,3500,FUT,NFO-FUT,NFO
21052930,82238,ASHOKLEY22AUGFUT,ASHOKLEY,0,2022-08-25,0,0.05,5000,FUT,NFO-FUT,NFO
13764610,53768,ASHOKLEY22JULFUT,ASHOKLEY,0,2022-07-28,0,0.05,5000,FUT,NFO-FUT,NFO
10624514,41502,ASHOKLEY22SEPFUT,ASHOKLEY,0,2022-09-29,0,0.05,5000,FUT,NFO-FUT,NFO
21053186,82239,ASIANPAINT22AUGFUT,ASIANPAINT,0,2022-08-25,0,0.05,200,FUT,NFO-FUT,NFO
13764866,53769,ASIANPAINT22JULFUT,ASIANPAINT,0,2022-07-28,0,0.05,200,FUT,NFO-FUT,NFO
11175682,43655,ASIANPAINT22SEPFUT,ASIANPAINT,0,2022-09-29,0,0.05,200,FUT,NFO-FUT,NFO
21053442,82240,ASTRAL22AUGFUT,ASTRAL,0,2022-08-25,0,0.05,275,FUT,NFO-FUT,NFO
13766658,53776,ASTRAL22JULFUT,ASTRAL,0,2022-07-28,0,0.05,275,FUT,NFO-FUT,NFO
11183874,43687,ASTRAL22SEPFUT,ASTRAL,0,2022-09-29,0,0.05,275,FUT,NFO-FUT,NFO
21053698,82241,ATUL22AUGFUT,ATUL,0,2022-08-25,0,0.05,75,FUT,NFO-FUT,NFO
13767426,53779,ATUL22JULFUT,ATUL,0,2022-07-28,0,0.05,75,FUT,NFO-FUT,NFO
11346946,44324,ATUL22SEPFUT,ATUL,0,2022-09-29,0,0.05,75,FUT,NFO-FUT,NFO
21053954,82242,AUBANK22AUGFUT,AUBANK,0,2022-08-25,0,0.05,1000,FUT,NFO-FUT,NFO
13768450,53783,AUBANK22JULFUT,AUBANK,0,2022-07-28,0,0.05,1000,FUT,NFO-FUT,NFO
11347202,44325,AUBANK22SEPFUT,AUBANK,0,2022-09-29,0,0.05,1000,FUT,NFO-FUT,NFO
21054210,82243,AUROPHARMA22AUGFUT,AUROPHARMA,0,2022-08-25,0,0.05,1000,FUT,NFO-FUT,NFO
13774850,53808,AUROPHARMA22JULFUT,AUROPHARMA,0,2022-07-28,0,0.05,1000,FUT,NFO-FUT,NFO
11959554,46717,AUROPHARMA22SEPFUT,AUROPHARMA,0,2022-09-29,0,0.05,1000,FUT,NFO-FUT,NFO
21054466,82244,AXISBANK22AUGFUT,AXISBANK,0,2022-08-25,0,0.05,1200,FUT,NFO-FUT,NFO
13777154,53817,AXISBANK22JULFUT,AXISBANK,0,2022-07-28,0,0.05,1200,FUT,NFO-FUT,NFO
11959810,46718,AXISBANK22SEPFUT,AXISBANK,0,2022-09-29,0,0.05,1200,FUT,NFO-FUT,NFO
21054722,82245,BAJAJ-AUTO22AUGFUT,BAJAJ-AUTO,0,2022-08-25,0,0.05,250,FUT,NFO-FUT,NFO
13777410,53818,BAJAJ-AUTO22JULFUT,BAJAJ-AUTO,0,2022-07-28,0,0.05,250,FUT,NFO-FUT,NFO
11960066,46719,BAJAJ-AUTO22SEPFUT,BAJAJ-AUTO,0,2022-09-29,0,0.05,250,FUT,NFO-FUT,NFO
21054978,82246,BAJAJFINSV22AUGFUT,BAJAJFINSV,0,2022-08-25,0,0.05,50,FUT,NFO-FUT,NFO
13780738,53831,BAJAJFINSV22JULFUT,BAJAJFINSV,0,2022-07-28,0,0.05,50,FUT,NFO-FUT,NFO
11960322,46720,BAJAJFINSV22SEPFUT,BAJAJFINSV,0,2022-09-29,0,0.05,50,FUT,NFO-FUT,NFO
21055234,82247,BAJFINANCE22AUGFUT,BAJFINANCE,0,2022-08-25,0,0.05,125,FUT,NFO-FUT,NFO
13787906,53859,BAJFINANCE22JULFUT,BAJFINANCE,0,2022-07-28,0,0.05,125,FUT,NFO-FUT,NFO
12147458,47451,BAJFINANCE22SEPFUT,BAJFINANCE,0,2022-09-29,0,0.05,125,FUT,NFO-FUT,NFO
21055490,82248,BALKRISIND22AUGFUT,BALKRISIND,0,2022-08-25,0,0.05,300,FUT,NFO-FUT,NFO
13792770,53878,BALKRISIND22JULFUT,BALKRISIND,0,2022-07-28,0,0.05,300,FUT,NFO-FUT,NFO
12147714,47452,BALKRISIND22SEPFUT,BALKRISIND,0,2022-09-29,0,0.05,300,FUT,NFO-FUT,NFO
21055746,82249,BALRAMCHIN22AUGFUT,BALRAMCHIN,0,2022-08-25,0,0.05,1600,FUT,NFO-FUT,NFO
13798914,53902,BALRAMCHIN22JULFUT,BALRAMCHIN,0,2022-07-28,0,0.05,1600,FUT,NFO-FUT,NFO
12147970,47453,BALRAMCHIN22SEPFUT,BALRAMCHIN,0,2022-09-29,0,0.05,1600,FUT,NFO-FUT,NFO
21056002,82250,BANDHANBNK22AUGFUT,BANDHANBNK,0,2022-08-25,0,0.05,1800,FUT,NFO-FUT,NFO
13799170,53903,BANDHANBNK22JULFUT,BANDHANBNK,0,2022-07-28,0,0.05,1800,FUT,NFO-FUT,NFO
12148226,47454,BANDHANBNK22SEPFUT,BANDHANBNK,0,2022-09-29,0,0.05,1800,FUT,NFO-FUT,NFO
21056258,82251,BANKBARODA22AUGFUT,BANKBARODA,0,2022-08-25,0,0.05,5850,FUT,NFO-FUT,NFO
13799426,53904,BANKBARODA22JULFUT,BANKBARODA,0,2022-07-28,0,0.05,5850,FUT,NFO-FUT,NFO
12148482,47455,BANKBARODA22SEPFUT,BANKBARODA,0,2022-09-29,0,0.05,5850,FUT,NFO-FUT,NFO
21056514,82252,BATAINDIA22AUGFUT,BATAINDIA,0,2022-08-25,0,0.05,275,FUT,NFO-FUT,NFO
13799682,53905,BATAINDIA22JULFUT,BATAINDIA,0,2022-07-28,0,0.05,275,FUT,NFO-FUT,NFO
12148738,47456,BATAINDIA22SEPFUT,BATAINDIA,0,2022-09-29,0,0.05,275,FUT,NFO-FUT,NFO
21056770,82253,BEL22AUGFUT,BEL,0,2022-08-25,0,0.05,3800,FUT,NFO-FUT,NFO
13800194,53907,BEL22JULFUT,BEL,0,2022-07-28,0,0.05,3800,FUT,NFO-FUT,NFO
12149762,47460,BEL22SEPFUT,BEL,0,2022-09-29,0,0.05,3800,FUT,NFO-FUT,NFO
21057026,82254,BERGEPAINT22AUGFUT,BERGEPAINT,0,2022-08-25,0,0.05,1100,FUT,NFO-FUT,NFO
13800450,53908,BERGEPAINT22JULFUT,BERGEPAINT,0,2022-07-28,0,0.05,1100,FUT,NFO-FUT,NFO
12150018,47461,BERGEPAINT22SEPFUT,BERGEPAINT,0,2022-09-29,0,0.05,1100,FUT,NFO-FUT,NFO
21057282,82255,BHARATFORG22AUGFUT,BHARATFORG,0,2022-08-25,0,0.05,1000,FUT,NFO-FUT,NFO
13803522,53920,BHARATFORG22JULFUT,BHARATFORG,0,2022-07-28,0,0.05,1000,FUT,NFO-FUT,NFO
12212226,47704,BHARATFORG22SEPFUT,BHARATFORG,0,2022-09-29,0,0.05,1000,FUT,NFO-FUT,NFO
21057538,82256,BHARTIARTL22AUGFUT,BHARTIARTL,0,2022-08-25,0,0.05,950,FUT,NFO-FUT,NFO
13804034,53922,BHARTIARTL22JULFUT,BHARTIARTL,0,2022-07-28,0,0.05,950,FUT,NFO-FUT,NFO
12212482,47705,BHARTIARTL22SEPFUT,BHARTIARTL,0,2022-09-29,0,0.05,950,FUT,NFO-FUT,NFO
21057794,82257,BHEL22AUGFUT,BHEL,0,2022-08-25,0,0.05,10500,FUT,NFO-FUT,NFO
13804290,53923,BHEL22JULFUT,BHEL,0,2022-07-28,0,0.05,10500,FUT,NFO-FUT,NFO
12214530,47713,BHEL22SEPFUT,BHEL,0,2022-09-29,0,0.05,10500,FUT,NFO-FUT,NFO
21058050,82258,BIOCON22AUGFUT,BIOCON,0,2022-08-25,0,0.05,2300,FUT,NFO-FUT,NFO
13804546,53924,BIOCON22JULFUT,BIOCON,0,2022-07-28,0,0.05,2300,FUT,NFO-FUT,NFO
12214786,47714,BIOCON22SEPFUT,BIOCON,0,2022-09-29,0,0.05,2300,FUT,NFO-FUT,NFO
21058818,82261,BOSCHLTD22AUGFUT,BOSCHLTD,0,2022-08-25,0,0.05,50,FUT,NFO-FUT,NFO
13805314,53927,BOSCHLTD22JULFUT,BOSCHLTD,0,2022-07-28,0,0.05,50,FUT,NFO-FUT,NFO
12215042,47715,BOSCHLTD22SEPFUT,BOSCHLTD,0,2022-09-29,0,0.05,50,FUT,NFO-FUT,NFO
21059074,82262,BPCL22AUGFUT,BPCL,0,2022-08-25,0,0.05,1800,FUT,NFO-FUT,NFO
13806082,53930,BPCL22JULFUT,BPCL,0,2022-07-28,0,0.05,1800,FUT,NFO-FUT,NFO
12215298,47716,BPCL22SEPFUT,BPCL,0,2022-09-29,0,0.05,1800,FUT,NFO-FUT,NFO
21059330,82263,BRITANNIA22AUGFUT,BRITANNIA,0,2022-08-25,0,0.05,200,FUT,NFO-FUT,NFO
13806338,53931,BRITANNIA22JULFUT,BRITANNIA,0,2022-07-28,0,0.05,200,FUT,NFO-FUT,NFO
12519170,48903,BRITANNIA22SEPFUT,BRITANNIA,0,2022-09-29,0,0.05,200,FUT,NFO-FUT,NFO
21059586,82264,BSOFT22AUGFUT,BSOFT,0,2022-08-25,0,0.05,1300,FUT,NFO-FUT,NFO
13810178,53946,BSOFT22JULFUT,BSOFT,0,2022-07-28,0,0.05,1300,FUT,NFO-FUT,NFO
12519426,48904,BSOFT22SEPFUT,BSOFT,0,2022-09-29,0,0.05,1300,FUT,NFO-FUT,NFO
21068802,82300,CANBK22AUGFUT,CANBK,0,2022-08-25,0,0.05,2700,FUT,NFO-FUT,NFO
13810434,53947,CANBK22JULFUT,CANBK,0,2022-07-28,0,0.05,2700,FUT,NFO-FUT,NFO
12519682,48905,CANBK22SEPFUT,CANBK,0,2022-09-29,0,0.05,2700,FUT,NFO-FUT,NFO
21069058,82301,CANFINHOME22AUGFUT,CANFINHOME,0,2022-08-25,0,0.05,975,FUT,NFO-FUT,NFO
13814274,53962,CANFINHOME22JULFUT,CANFINHOME,0,2022-07-28,0,0.05,975,FUT,NFO-FUT,NFO
12519938,48906,CANFINHOME22SEPFUT,CANFINHOME,0,2022-09-29,0,0.05,975,FUT,NFO-FUT,NFO
21069314,82302,CHAMBLFERT22AUGFUT,CHAMBLFERT,0,2022-08-25,0,0.05,1500,FUT,NFO-FUT,NFO
13814530,53963,CHAMBLFERT22JULFUT,CHAMBLFERT,0,2022-07-28,0,0.05,1500,FUT,NFO-FUT,NFO
12817410,50068,CHAMBLFERT22SEPFUT,CHAMBLFERT,0,2022-09-29,0,0.05,1500,FUT,NFO-FUT,NFO
21069570,82303,CHOLAFIN22AUGFUT,CHOLAFIN,0,2022-08-25,0,0.05,1250,FUT,NFO-FUT,NFO
13816834,53972,CHOLAFIN22JULFUT,CHOLAFIN,0,2022-07-28,0,0.05,1250,FUT,NFO-FUT,NFO
12818690,50073,CHOLAFIN22SEPFUT,CHOLAFIN,0,2022-09-29,0,0.05,1250,FUT,NFO-FUT,NFO
21070338,82306,CIPLA22AUGFUT,CIPLA,0,2022-08-25,0,0.05,650,FUT,NFO-FUT,NFO
13817090,53973,CIPLA22JULFUT,CIPLA,0,2022-07-28,0,0.05,650,FUT,NFO-FUT,NFO
12883458,50326,CIPLA22SEPFUT,CIPLA,0,2022-09-29,0,0.05,650,FUT,NFO-FUT,NFO
21070594,82307,COALINDIA22AUGFUT,COALINDIA,0,2022-08-25,0,0.05,4200,FUT,NFO-FUT,NFO
13819394,53982,COALINDIA22JULFUT,COALINDIA,0,2022-07-28,0,0.05,4200,FUT,NFO-FUT,NFO
12883714,50327,COALINDIA22SEPFUT,COALINDIA,0,2022-09-29,0,0.05,4200,FUT,NFO-FUT,NFO
21070850,82308,COFORGE22AUGFUT,COFORGE,0,2022-08-25,0,0.05,150,FUT,NFO-FUT,NFO
13819650,53983,COFORGE22JULFUT,COFORGE,0,2022-07-28,0,0.05,150,FUT,NFO-FUT,NFO
13062146,51024,COFORGE22SEPFUT,COFORGE,0,2022-09-29,0,0.05,150,FUT,NFO-FUT,NFO
21071106,82309,COLPAL22AUGFUT,COLPAL,0,2022-08-25,0,0.05,350,FUT,NFO-FUT,NFO
13819906,53984,COLPAL22JULFUT,COLPAL,0,2022-07-28,0,0.05,350,FUT,NFO-FUT,NFO
13062402,51025,COLPAL22SEPFUT,COLPAL,0,2022-09-29,0,0.05,350,FUT,NFO-FUT,NFO
21071362,82310,CONCOR22AUGFUT,CONCOR,0,2022-08-25,0,0.05,1000,FUT,NFO-FUT,NFO
13820162,53985,CONCOR22JULFUT,CONCOR,0,2022-07-28,0,0.05,1000,FUT,NFO-FUT,NFO
13062658,51026,CONCOR22SEPFUT,CONCOR,0,2022-09-29,0,0.05,1000,FUT,NFO-FUT,NFO
21071618,82311,COROMANDEL22AUGFUT,COROMANDEL,0,2022-08-25,0,0.05,700,FUT,NFO-FUT,NFO
13822978,53996,COROMANDEL22JULFUT,COROMANDEL,0,2022-07-28,0,0.05,700,FUT,NFO-FUT,NFO
13062914,51027,COROMANDEL22SEPFUT,COROMANDEL,0,2022-09-29,0,0.05,700,FUT,NFO-FUT,NFO
21071874,82312,CROMPTON22AUGFUT,CROMPTON,0,2022-08-25,0,0.05,1500,FUT,NFO-FUT,NFO
13823234,53997,CROMPTON22JULFUT,CROMPTON,0,2022-07-28,0,0.05,1500,FUT,NFO-FUT,NFO
13107458,51201,CROMPTON22SEPFUT,CROMPTON,0,2022-09-29,0,0.05,1500,FUT,NFO-FUT,NFO
21072130,82313,CUB22AUGFUT,CUB,0,2022-08-25,0,0.05,5000,FUT,NFO-FUT,NFO
13828098,54016,CUB22JULFUT,CUB,0,2022-07-28,0,0.05,5000,FUT,NFO-FUT,NFO
13107970,51203,CUB22SEPFUT,CUB,0,2022-09-29,0,0.05,5000,FUT,NFO-FUT,NFO
21073410,82318,CUMMINSIND22AUGFUT,CUMMINSIND,0,2022-08-25,0,0.05,600,FUT,NFO-FUT,NFO
13828354,54017,CUMMINSIND22JULFUT,CUMMINSIND,0,2022-07-28,0,0.05,600,FUT,NFO-FUT,NFO
13108482,51205,CUMMINSIND22SEPFUT,CUMMINSIND,0,2022-09-29,0,0.05,600,FUT,NFO-FUT,NFO
21073666,82319,DABUR22AUGFUT,DABUR,0,2022-08-25,0,0.05,1250,FUT,NFO-FUT,NFO
13846018,54086,DABUR22JULFUT,DABUR,0,2022-07-28,0,0.05,1250,FUT,NFO-FUT,NFO
13109506,51209,DABUR22SEPFUT,DABUR,0,2022-09-29,0,0.05,1250,FUT,NFO-FUT,NFO
21073922,82320,DALBHARAT22AUGFUT,DALBHARAT,0,2022-08-25,0,0.05,500,FUT,NFO-FUT,NFO
13846274,54087,DALBHARAT22JULFUT,DALBHARAT,0,2022-07-28,0,0.05,500,FUT,NFO-FUT,NFO
13109762,51210,DALBHARAT22SEPFUT,DALBHARAT,0,2022-09-29,0,0.05,500,FUT,NFO-FUT,NFO
21075202,82325,DEEPAKNTR22AUGFUT,DEEPAKNTR,0,2022-08-25,0,0.05,250,FUT,NFO-FUT,NFO
13846530,54088,DEEPAKNTR22JULFUT,DEEPAKNTR,0,2022-07-28,0,0.05,250,FUT,NFO-FUT,NFO
13110274,51212,DEEPAKNTR22SEPFUT,DEEPAKNTR,0,2022-09-29,0,0.05,250,FUT,NFO-FUT,NFO
21075458,82326,DELTACORP22AUGFUT,DELTACORP,0,2022-08-25,0,0.05,2300,FUT,NFO-FUT,NFO
13846786,54089,DELTACORP22JULFUT,DELTACORP,0,2022-07-28,0,0.05,2300,FUT,NFO-FUT,NFO
13110530,51213,DELTACORP22SEPFUT,DELTACORP,0,2022-09-29,0,0.05,2300,FUT,NFO-FUT,NFO
21075714,82327,DIVISLAB22AUGFUT,DIVISLAB,0,2022-08-25,0,0.05,150,FUT,NFO-FUT,NFO
13847042,54090,DIVISLAB22JULFUT,DIVISLAB,0,2022-07-28,0,0.05,150,FUT,NFO-FUT,NFO
13110786,51214,DIVISLAB22SEPFUT,DIVISLAB,0,2022-09-29,0,0.05,150,FUT,NFO-FUT,NFO
21076482,82330,DIXON22AUGFUT,DIXON,0,2022-08-25,0,0.05,125,FUT,NFO-FUT,NFO
13847298,54091,DIXON22JULFUT,DIXON,0,2022-07-28,0,0.05,125,FUT,NFO-FUT,NFO
13502466,52744,DIXON22SEPFUT,DIXON,0,2022-09-29,0,0.05,125,FUT,NFO-FUT,NFO
21076738,82331,DLF22AUGFUT,DLF,0,2022-08-25,0,0.05,1650,FUT,NFO-FUT,NFO
13847554,54092,DLF22JULFUT,DLF,0,2022-07-28,0,0.05,1650,FUT,NFO-FUT,NFO
13502722,52745,DLF22SEPFUT,DLF,0,2022-09-29,0,0.05,1650,FUT,NFO-FUT,NFO
21076994,82332,DRREDDY22AUGFUT,DRREDDY,0,2022-08-25,0,0.05,125,FUT,NFO-FUT,NFO
13847810,54093,DRREDDY22JULFUT,DRREDDY,0,2022-07-28,0,0.05,125,FUT,NFO-FUT,NFO
14000642,54690,DRREDDY22SEPFUT,DRREDDY,0,2022-09-29,0,0.05,125,FUT,NFO-FUT,NFO
21077250,82333,EICHERMOT22AUGFUT,EICHERMOT,0,2022-08-25,0,0.05,350,FUT,NFO-FUT,NFO
13848066,54094,EICHERMOT22JULFUT,EICHERMOT,0,2022-07-28,0,0.05,350,FUT,NFO-FUT,NFO
14000898,54691,EICHERMOT22SEPFUT,EICHERMOT,0,2022-09-29,0,0.05,350,FUT,NFO-FUT,NFO
21077506,82334,ESCORTS22AUGFUT,ESCORTS,0,2022-08-25,0,0.05,550,FUT,NFO-FUT,NFO
13848322,54095,ESCORTS22JULFUT,ESCORTS,0,2022-07-28,0,0.05,550,FUT,NFO-FUT,NFO
14001154,54692,ESCORTS22SEPFUT,ESCORTS,0,2022-09-29,0,0.05,550,FUT,NFO-FUT,NFO
21077762,82335,EXIDEIND22AUGFUT,EXIDEIND,0,2022-08-25,0,0.05,3600,FUT,NFO-FUT,NFO
13848578,54096,EXIDEIND22JULFUT,EXIDEIND,0,2022-07-28,0,0.05,3600,FUT,NFO-FUT,NFO
14001410,54693,EXIDEIND22SEPFUT,EXIDEIND,0,2022-09-29,0,0.05,3600,FUT,NFO-FUT,NFO
21078018,82336,FEDERALBNK22AUGFUT,FEDERALBNK,0,2022-08-25,0,0.05,10000,FUT,NFO-FUT,NFO
13849090,54098,FEDERALBNK22JULFUT,FEDERALBNK,0,2022-07-28,0,0.05,10000,FUT,NFO-FUT,NFO
14001666,54694,FEDERALBNK22SEPFUT,FEDERALBNK,0,2022-09-29,0,0.05,10000,FUT,NFO-FUT,NFO
9902338,38681,FINNIFTY22AUGFUT,FINNIFTY,0,2022-08-30,0,0.05,40,FUT,NFO-FUT,NFO
12581634,49147,FINNIFTY22SEPFUT,FINNIFTY,0,2022-09-27,0,0.05,40,FUT,NFO-FUT,NFO
21078274,82337,FSL22AUGFUT,FSL,0,2022-08-25,0,0.05,5200,FUT,NFO-FUT,NFO
13849346,54099,FSL22JULFUT,FSL,0,2022-07-28,0,0.05,5200,FUT,NFO-FUT,NFO
14001922,54695,FSL22SEPFUT,FSL,0,2022-09-29,0,0.05,5200,FUT,NFO-FUT,NFO
21078530,82338,GAIL22AUGFUT,GAIL,0,2022-08-25,0,0.05,6100,FUT,NFO-FUT,NFO
13849602,54100,GAIL22JULFUT,GAIL,0,2022-07-28,0,0.05,6100,FUT,NFO-FUT,NFO
14002178,54696,GAIL22SEPFUT,GAIL,0,2022-09-29,0,0.05,6100,FUT,NFO-FUT,NFO
21078786,82339,GLENMARK22AUGFUT,GLENMARK,0,2022-08-25,0,0.05,1150,FUT,NFO-FUT,NFO
13849858,54101,GLENMARK22JULFUT,GLENMARK,0,2022-07-28,0,0.05,1150,FUT,NFO-FUT,NFO
14002434,54697,GLENMARK22SEPFUT,GLENMARK,0,2022-09-29,0,0.05,1150,FUT,NFO-FUT,NFO
21079042,82340,GMRINFRA22AUGFUT,GMRINFRA,0,2022-08-25,0,0.05,22500,FUT,NFO-FUT,NFO
13850370,54103,GMRINFRA22JULFUT,GMRINFRA,0,2022-07-28,0,0.05,22500,FUT,NFO-FUT,NFO
14002690,54698,GMRINFRA22SEPFUT,GMRINFRA,0,2022-09-29,0,0.05,22500,FUT,NFO-FUT,NFO
21079298,82341,GNFC22AUGFUT,GNFC,0,2022-08-25,0,0.05,1300,FUT,NFO-FUT,NFO
13850626,54104,GNFC22JULFUT,GNFC,0,2022-07-28,0,0.05,1300,FUT,NFO-FUT,NFO
14002946,54699,GNFC22SEPFUT,GNFC,0,2022-09-29,0,0.05,1300,FUT,NFO-FUT,NFO
21079554,82342,GODREJCP22AUGFUT,GODREJCP,0,2022-08-25,0,0.05,1000,FUT,NFO-FUT,NFO
13850882,54105,GODREJCP22JULFUT,GODREJCP,0,2022-07-28,0,0.05,1000,FUT,NFO-FUT,NFO
14003202,54700,GODREJCP22SEPFUT,GODREJCP,0,2022-09-29,0,0.05,1000,FUT,NFO-FUT,NFO
21079810,82343,GODREJPROP22AUGFUT,GODREJPROP,0,2022-08-25,0,0.05,325,FUT,NFO-FUT,NFO
13851138,54106,GODREJPROP22JULFUT,GODREJPROP,0,2022-07-28,0,0.05,325,FUT,NFO-FUT,NFO
14003458,54701,GODREJPROP22SEPFUT,GODREJPROP,0,2022-09-29,0,0.05,325,FUT,NFO-FUT,NFO
21080066,82344,GRANULES22AUGFUT,GRANULES,0,2022-08-25,0,0.05,2000,FUT,NFO-FUT,NFO
13851394,54107,GRANULES22JULFUT,GRANULES,0,2022-07-28,0,0.05,2000,FUT,NFO-FUT,NFO
14003714,54702,GRANULES22SEPFUT,GRANULES,0,2022-09-29,0,0.05,2000,FUT,NFO-FUT,NFO
21080322,82345,GRASIM22AUGFUT,GRASIM,0,2022-08-25,0,0.05,475,FUT,NFO-FUT,NFO
13852162,54110,GRASIM22JULFUT,GRASIM,0,2022-07-28,0,0.05,475,FUT,NFO-FUT,NFO
14003970,54703,GRASIM22SEPFUT,GRASIM,0,2022-09-29,0,0.05,475,FUT,NFO-FUT,NFO
21080578,82346,GSPL22AUGFUT,GSPL,0,2022-08-25,0,0.05,2500,FUT,NFO-FUT,NFO
13852418,54111,GSPL22JULFUT,GSPL,0,2022-07-28,0,0.05,2500,FUT,NFO-FUT,NFO
14004226,54704,GSPL22SEPFUT,GSPL,0,2022-09-29,0,0.05,2500,FUT,NFO-FUT,NFO
21080834,82347,GUJGASLTD22AUGFUT,GUJGASLTD,0,2022-08-25,0,0.05,1250,FUT,NFO-FUT,NFO
13852674,54112,GUJGASLTD22JULFUT,GUJGASLTD,0,2022-07-28,0,0.05,1250,FUT,NFO-FUT,NFO
14004482,54705,GUJGASLTD22SEPFUT,GUJGASLTD,0,2022-09-29,0,0.05,1250,FUT,NFO-FUT,NFO
21081090,82348,HAL22AUGFUT,HAL,0,2022-08-25,0,0.05,475,FUT,NFO-FUT,NFO
13852930,54113,HAL22JULFUT,HAL,0,2022-07-28,0,0.05,475,FUT,NFO-FUT,NFO
14004738,54706,HAL22SEPFUT,HAL,0,2022-09-29,0,0.05,475,FUT,NFO-FUT,NFO
21081346,82349,HAVELLS22AUGFUT,HAVELLS,0,2022-08-25,0,0.05,500,FUT,NFO-FUT,NFO
13853186,54114,HAVELLS22JULFUT,HAVELLS,0,2022-07-28,0,0.05,500,FUT,NFO-FUT,NFO
14004994,54707,HAVELLS22SEPFUT,HAVELLS,0,2022-09-29,0,0.05,500,FUT,NFO-FUT,NFO
21081602,82350,HCLTECH22AUGFUT,HCLTECH,0,2022-08-25,0,0.05,700,FUT,NFO-FUT,NFO
13853442,54115,HCLTECH22JULFUT,HCLTECH,0,2022-07-28,0,0.05,700,FUT,NFO-FUT,NFO
14005250,54708,HCLTECH22SEPFUT,HCLTECH,0,2022-09-29,0,0.05,700,FUT,NFO-FUT,NFO
21081858,82351,HDFC22AUGFUT,HDFC,0,2022-08-25,0,0.05,300,FUT,NFO-FUT,NFO
13854210,54118,HDFC22JULFUT,HDFC,0,2022-07-28,0,0.05,300,FUT,NFO-FUT,NFO
14007554,54717,HDFC22SEPFUT,HDFC,0,2022-09-29,0,0.05,300,FUT,NFO-FUT,NFO
21082114,82352,HDFCAMC22AUGFUT,HDFCAMC,0,2022-08-25,0,0.05,300,FUT,NFO-FUT,NFO
13854466,54119,HDFCAMC22JULFUT,HDFCAMC,0,2022-07-28,0,0.05,300,FUT,NFO-FUT,NFO
14007810,54718,HDFCAMC22SEPFUT,HDFCAMC,0,2022-09-29,0,0.05,300,FUT,NFO-FUT,NFO
21082370,82353,HDFCBANK22AUGFUT,HDFCBANK,0,2022-08-25,0,0.05,550,FUT,NFO-FUT,NFO
13854722,54120,HDFCBANK22JULFUT,HDFCBANK,0,2022-07-28,0,0.05,550,FUT,NFO-FUT,NFO
14008066,54719,HDFCBANK22SEPFUT,HDFCBANK,0,2022-09-29,0,0.05,550,FUT,NFO-FUT,NFO
21082626,82354,HDFCLIFE22AUGFUT,HDFCLIFE,0,2022-08-25,0,0.05,1100,FUT,NFO-FUT,NFO
13854978,54121,HDFCLIFE22JULFUT,HDFCLIFE,0,2022-07-28,0,0.05,1100,FUT,NFO-FUT,NFO
14008322,54720,HDFCLIFE22SEPFUT,HDFCLIFE,0,2022-09-29,0,0.05,1100,FUT,NFO-FUT,NFO
21082882,82355,HEROMOTOCO22AUGFUT,HEROMOTOCO,0,2022-08-25,0,0.05,300,FUT,NFO-FUT,NFO
13855234,54122,HEROMOTOCO22JULFUT,HEROMOTOCO,0,2022-07-28,0,0.05,300,FUT,NFO-FUT,NFO
14011138,54731,HEROMOTOCO22SEPFUT,HEROMOTOCO,0,2022-09-29,0,0.05,300,FUT,NFO-FUT,NFO
21083138,82356,HINDALCO22AUGFUT,HINDALCO,0,2022-08-25,0,0.05,1075,FUT,NFO-FUT,NFO
13856258,54126,HINDALCO22JULFUT,HINDALCO,0,2022-07-28,0,0.05,1075,FUT,NFO-FUT,NFO
14011394,54732,HINDALCO22SEPFUT,HINDALCO,0,2022-09-29,0,0.05,1075,FUT,NFO-FUT,NFO
21083394,82357,HINDCOPPER22AUGFUT,HINDCOPPER,0,2022-08-25,0,0.05,4300,FUT,NFO-FUT,NFO
13856514,54127,HINDCOPPER22JULFUT,HINDCOPPER,0,2022-07-28,0,0.05,4300,FUT,NFO-FUT,NFO
14011650,54733,HINDCOPPER22SEPFUT,HINDCOPPER,0,2022-09-29,0,0.05,4300,FUT,NFO-FUT,NFO
21083650,82358,HINDPETRO22AUGFUT,HINDPETRO,0,2022-08-25,0,0.05,2700,FUT,NFO-FUT,NFO
13856770,54128,HINDPETRO22JULFUT,HINDPETRO,0,2022-07-28,0,0.05,2700,FUT,NFO-FUT,NFO
14011906,54734,HINDPETRO22SEPFUT,HINDPETRO,0,2022-09-29,0,0.05,2700,FUT,NFO-FUT,NFO
21083906,82359,HINDUNILVR22AUGFUT,HINDUNILVR,0,2022-08-25,0,0.05,300,FUT,NFO-FUT,NFO
13857026,54129,HINDUNILVR22JULFUT,HINDUNILVR,0,2022-07-28,0,0.05,300,FUT,NFO-FUT,NFO
14012162,54735,HINDUNILVR22SEPFUT,HINDUNILVR,0,2022-09-29,0,0.05,300,FUT,NFO-FUT,NFO
21084162,82360,HONAUT22AUGFUT,HONAUT,0,2022-08-25,0,0.05,15,FUT,NFO-FUT,NFO
13857282,54130,HONAUT22JULFUT,HONAUT,0,2022-07-28,0,0.05,15,FUT,NFO-FUT,NFO
14012418,54736,HONAUT22SEPFUT,HONAUT,0,2022-09-29,0,0.05,15,FUT,NFO-FUT,NFO
21084418,82361,IBULHSGFIN22AUGFUT,IBULHSGFIN,0,2022-08-25,0,0.05,4000,FUT,NFO-FUT,NFO
13857538,54131,IBULHSGFIN22JULFUT,IBULHSGFIN,0,2022-07-28,0,0.05,4000,FUT,NFO-FUT,NFO
14012674,54737,IBULHSGFIN22SEPFUT,IBULHSGFIN,0,2022-09-29,0,0.05,4000,FUT,NFO-FUT,NFO
21084674,82362,ICICIBANK22AUGFUT,ICICIBANK,0,2022-08-25,0,0.05,1375,FUT,NFO-FUT,NFO
13857794,54132,ICICIBANK22JULFUT,ICICIBANK,0,2022-07-28,0,0.05,1375,FUT,NFO-FUT,NFO
14012930,54738,ICICIBANK22SEPFUT,ICICIBANK,0,2022-09-29,0,0.05,1375,FUT,NFO-FUT,NFO
21084930,82363,ICICIGI22AUGFUT,ICICIGI,0,2022-08-25,0,0.05,425,FUT,NFO-FUT,NFO
13858050,54133,ICICIGI22JULFUT,ICICIGI,0,2022-07-28,0,0.05,425,FUT,NFO-FUT,NFO
14013186,54739,ICICIGI22SEPFUT,ICICIGI,0,2022-09-29,0,0.05,425,FUT,NFO-FUT,NFO
21085186,82364,ICICIPRULI22AUGFUT,ICICIPRULI,0,2022-08-25,0,0.05,1500,FUT,NFO-FUT,NFO
13858306,54134,ICICIPRULI22JULFUT,ICICIPRULI,0,2022-07-28,0,0.05,1500,FUT,NFO-FUT,NFO
14013442,54740,ICICIPRULI22SEPFUT,ICICIPRULI,0,2022-09-29,0,0.05,1500,FUT,NFO-FUT,NFO
2,0,ICICIPRULI25AUG2229SEP22FUT,ICICIPRULI,0,2022-08-25,0,0.05,1500,FUT,NFO-FUT,NFO
21085442,82365,IDEA22AUGFUT,IDEA,0,2022-08-25,0,0.05,70000,FUT,NFO-FUT,NFO
13858562,54135,IDEA22JULFUT,IDEA,0,2022-07-28,0,0.05,70000,FUT,NFO-FUT,NFO
14013698,54741,IDEA22SEPFUT,IDEA,0,2022-09-29,0,0.05,70000,FUT,NFO-FUT,NFO
21085698,82366,IDFC22AUGFUT,IDFC,0,2022-08-25,0,0.05,10000,FUT,NFO-FUT,NFO
13858818,54136,IDFC22JULFUT,IDFC,0,2022-07-28,0,0.05,10000,FUT,NFO-FUT,NFO
14014466,54744,IDFC22SEPFUT,IDFC,0,2022-09-29,0,0.05,10000,FUT,NFO-FUT,NFO
21085954,82367,IDFCFIRSTB22AUGFUT,IDFCFIRSTB,0,2022-08-25,0,0.05,15000,FUT,NFO-FUT,NFO
13859074,54137,IDFCFIRSTB22JULFUT,IDFCFIRSTB,0,2022-07-28,0,0.05,15000,FUT,NFO-FUT,NFO
14014722,54745,IDFCFIRSTB22SEPFUT,IDFCFIRSTB,0,2022-09-29,0,0.05,15000,FUT,NFO-FUT,NFO
21086210,82368,IEX22AUGFUT,IEX,0,2022-08-25,0,0.05,3750,FUT,NFO-FUT,NFO
13859330,54138,IEX22JULFUT,IEX,0,2022-07-28,0,0.05,3750,FUT,NFO-FUT,NFO
14014978,54746,IEX22SEPFUT,IEX,0,2022-09-29,0,0.05,3750,FUT,NFO-FUT,NFO
21086466,82369,IGL22AUGFUT,IGL,0,2022-08-25,0,0.05,1375,FUT,NFO-FUT,NFO
13859586,54139,IGL22JULFUT,IGL,0,2022-07-28,0,0.05,1375,FUT,NFO-FUT,NFO
14015234,54747,IGL22SEPFUT,IGL,0,2022-09-29,0,0.05,1375,FUT,NFO-FUT,NFO
21086722,82370,INDHOTEL22AUGFUT,INDHOTEL,0,2022-08-25,0,0.05,4022,FUT,NFO-FUT,NFO
13859842,54140,INDHOTEL22JULFUT,INDHOTEL,0,2022-07-28,0,0.05,4022,FUT,NFO-FUT,NFO
14015490,54748,INDHOTEL22SEPFUT,INDHOTEL,0,2022-09-29,0,0.05,4022,FUT,NFO-FUT,NFO
21086978,82371,INDIACEM22AUGFUT,INDIACEM,0,2022-08-25,0,0.05,2900,FUT,NFO-FUT,NFO
13860098,54141,INDIACEM22JULFUT,INDIACEM,0,2022-07-28,0,0.05,2900,FUT,NFO-FUT,NFO
14015746,54749,INDIACEM22SEPFUT,INDIACEM,0,2022-09-29,0,0.05,2900,FUT,NFO-FUT,NFO
21087234,82372,INDIAMART22AUGFUT,INDIAMART,0,2022-08-25,0,0.05,150,FUT,NFO-FUT,NFO
13860354,54142,INDIAMART22JULFUT,INDIAMART,0,2022-07-28,0,0.05,150,FUT,NFO-FUT,NFO
14016002,54750,INDIAMART22SEPFUT,INDIAMART,0,2022-09-29,0,0.05,150,FUT,NFO-FUT,NFO
21087490,82373,INDIGO22AUGFUT,INDIGO,0,2022-08-25,0,0.05,300,FUT,NFO-FUT,NFO
13860610,54143,INDIGO22JULFUT,INDIGO,0,2022-07-28,0,0.05,300,FUT,NFO-FUT,NFO
14016258,54751,INDIGO22SEPFUT,INDIGO,0,2022-09-29,0,0.05,300,FUT,NFO-FUT,NFO
21087746,82374,INDUSINDBK22AUGFUT,INDUSINDBK,0,2022-08-25,0,0.05,900,FUT,NFO-FUT,NFO
13860866,54144,INDUSINDBK22JULFUT,INDUSINDBK,0,2022-07-28,0,0.05,900,FUT,NFO-FUT,NFO
14016514,54752,INDUSINDBK22SEPFUT,INDUSINDBK,0,2022-09-29,0,0.05,900,FUT,NFO-FUT,NFO
21088002,82375,INDUSTOWER22AUGFUT,INDUSTOWER,0,2022-08-25,0,0.05,2800,FUT,NFO-FUT,NFO
13861122,54145,INDUSTOWER22JULFUT,INDUSTOWER,0,2022-07-28,0,0.05,2800,FUT,NFO-FUT,NFO
14016770,54753,INDUSTOWER22SEPFUT,INDUSTOWER,0,2022-09-29,0,0.05,2800,FUT,NFO-FUT,NFO
21088258,82376,INFY22AUGFUT,INFY,0,2022-08-25,0,0.05,300,FUT,NFO-FUT,NFO
13861378,54146,INFY22JULFUT,INFY,0,2022-07-28,0,0.05,300,FUT,NFO-FUT,NFO
14017026,54754,INFY22SEPFUT,INFY,0,2022-09-29,0,0.05,300,FUT,NFO-FUT,NFO
21088514,82377,INTELLECT22AUGFUT,INTELLECT,0,2022-08-25,0,0.05,750,FUT,NFO-FUT,NFO
13861634,54147,INTELLECT22JULFUT,INTELLECT,0,2022-07-28,0,0.05,750,FUT,NFO-FUT,NFO
14017282,54755,INTELLECT22SEPFUT,INTELLECT,0,2022-09-29,0,0.05,750,FUT,NFO-FUT,NFO
21088770,82378,IOC22AUGFUT,IOC,0,2022-08-25,0,0.05,9750,FUT,NFO-FUT,NFO
13861890,54148,IOC22JULFUT,IOC,0,2022-07-28,0,0.05,9750,FUT,NFO-FUT,NFO
8968194,35032,IOC22SEPFUT,IOC,0,2022-09-29,0,0.05,9750,FUT,NFO-FUT,NFO
21089026,82379,IPCALAB22AUGFUT,IPCALAB,0,2022-08-25,0,0.05,650,FUT,NFO-FUT,NFO
13862146,54149,IPCALAB22JULFUT,IPCALAB,0,2022-07-28,0,0.05,650,FUT,NFO-FUT,NFO
14017538,54756,IPCALAB22SEPFUT,IPCALAB,0,2022-09-29,0,0.05,650,FUT,NFO-FUT,NFO
21089282,82380,IRCTC22AUGFUT,IRCTC,0,2022-08-25,0,0.05,875,FUT,NFO-FUT,NFO
13862402,54150,IRCTC22JULFUT,IRCTC,0,2022-07-28,0,0.05,875,FUT,NFO-FUT,NFO
14019330,54763,IRCTC22SEPFUT,IRCTC,0,2022-09-29,0,0.05,875,FUT,NFO-FUT,NFO
21089538,82381,ITC22AUGFUT,ITC,0,2022-08-25,0,0.05,3200,FUT,NFO-FUT,NFO
13862658,54151,ITC22JULFUT,ITC,0,2022-07-28,0,0.05,3200,FUT,NFO-FUT,NFO
14019586,54764,ITC22SEPFUT,ITC,0,2022-09-29,0,0.05,3200,FUT,NFO-FUT,NFO
21089794,82382,JINDALSTEL22AUGFUT,JINDALSTEL,0,2022-08-25,0,0.05,1250,FUT,NFO-FUT,NFO
13862914,54152,JINDALSTEL22JULFUT,JINDALSTEL,0,2022-07-28,0,0.05,1250,FUT,NFO-FUT,NFO
14019842,54765,JINDALSTEL22SEPFUT,JINDALSTEL,0,2022-09-29,0,0.05,1250,FUT,NFO-FUT,NFO
21090050,82383,JKCEMENT22AUGFUT,JKCEMENT,0,2022-08-25,0,0.05,250,FUT,NFO-FUT,NFO
13863170,54153,JKCEMENT22JULFUT,JKCEMENT,0,2022-07-28,0,0.05,250,FUT,NFO-FUT,NFO
14020098,54766,JKCEMENT22SEPFUT,JKCEMENT,0,2022-09-29,0,0.05,250,FUT,NFO-FUT,NFO
21090306,82384,JSWSTEEL22AUGFUT,JSWSTEEL,0,2022-08-25,0,0.05,1350,FUT,NFO-FUT,NFO
13863426,54154,JSWSTEEL22JULFUT,JSWSTEEL,0,2022-07-28,0,0.05,1350,FUT,NFO-FUT,NFO
14020866,54769,JSWSTEEL22SEPFUT,JSWSTEEL,0,2022-09-29,0,0.05,1350,FUT,NFO-FUT,NFO
21090562,82385,JUBLFOOD22AUGFUT,JUBLFOOD,0,2022-08-25,0,0.05,1250,FUT,NFO-FUT,NFO
13863682,54155,JUBLFOOD22JULFUT,JUBLFOOD,0,2022-07-28,0,0.05,1250,FUT,NFO-FUT,NFO
14021122,54770,JUBLFOOD22SEPFUT,JUBLFOOD,0,2022-09-29,0,0.05,1250,FUT,NFO-FUT,NFO
21090818,82386,KOTAKBANK22AUGFUT,KOTAKBANK,0,2022-08-25,0,0.05,400,FUT,NFO-FUT,NFO
13863938,54156,KOTAKBANK22JULFUT,KOTAKBANK,0,2022-07-28,0,0.05,400,FUT,NFO-FUT,NFO
14021378,54771,KOTAKBANK22SEPFUT,KOTAKBANK,0,2022-09-29,0,0.05,400,FUT,NFO-FUT,NFO
21091074,82387,L&TFH22AUGFUT,L&TFH,0,2022-08-25,0,0.05,8924,FUT,NFO-FUT,NFO
13864194,54157,L&TFH22JULFUT,L&TFH,0,2022-07-28,0,0.05,8924,FUT,NFO-FUT,NFO
14021634,54772,L&TFH22SEPFUT,L&TFH,0,2022-09-29,0,0.05,8924,FUT,NFO-FUT,NFO
21091330,82388,LALPATHLAB22AUGFUT,LALPATHLAB,0,2022-08-25,0,0.05,250,FUT,NFO-FUT,NFO
13864450,54158,LALPATHLAB22JULFUT,LALPATHLAB,0,2022-07-28,0,0.05,250,FUT,NFO-FUT,NFO
14021890,54773,LALPATHLAB22SEPFUT,LALPATHLAB,0,2022-09-29,0,0.05,250,FUT,NFO-FUT,NFO
21091586,82389,LAURUSLABS22AUGFUT,LAURUSLABS,0,2022-08-25,0,0.05,900,FUT,NFO-FUT,NFO
13864706,54159,LAURUSLABS22JULFUT,LAURUSLABS,0,2022-07-28,0,0.05,900,FUT,NFO-FUT,NFO
14022146,54774,LAURUSLABS22SEPFUT,LAURUSLABS,0,2022-09-29,0,0.05,900,FUT,NFO-FUT,NFO
21091842,82390,LICHSGFIN22AUGFUT,LICHSGFIN,0,2022-08-25,0,0.05,2000,FUT,NFO-FUT,NFO
13864962,54160,LICHSGFIN22JULFUT,LICHSGFIN,0,2022-07-28,0,0.05,2000,FUT,NFO-FUT,NFO
14024962,54785,LICHSGFIN22SEPFUT,LICHSGFIN,0,2022-09-29,0,0.05,2000,FUT,NFO-FUT,NFO
21092098,82391,LT22AUGFUT,LT,0,2022-08-25,0,0.05,300,FUT,NFO-FUT,NFO
13865218,54161,LT22JULFUT,LT,0,2022-07-28,0,0.05,300,FUT,NFO-FUT,NFO
14025218,54786,LT22SEPFUT,LT,0,2022-09-29,0,0.05,300,FUT,NFO-FUT,NFO
21092354,82392,LTI22AUGFUT,LTI,0,2022-08-25,0,0.05,150,FUT,NFO-FUT,NFO
13865474,54162,LTI22JULFUT,LTI,0,2022-07-28,0,0.05,150,FUT,NFO-FUT,NFO
14027522,54795,LTI22SEPFUT,LTI,0,2022-09-29,0,0.05,150,FUT,NFO-FUT,NFO
21092610,82393,LTTS22AUGFUT,LTTS,0,2022-08-25,0,0.05,200,FUT,NFO-FUT,NFO
13865730,54163,LTTS22JULFUT,LTTS,0,2022-07-28,0,0.05,200,FUT,NFO-FUT,NFO
14027778,54796,LTTS22SEPFUT,LTTS,0,2022-09-29,0,0.05,200,FUT,NFO-FUT,NFO
21092866,82394,LUPIN22AUGFUT,LUPIN,0,2022-08-25,0,0.05,850,FUT,NFO-FUT,NFO
13865986,54164,LUPIN22JULFUT,LUPIN,0,2022-07-28,0,0.05,850,FUT,NFO-FUT,NFO
14028034,54797,LUPIN22SEPFUT,LUPIN,0,2022-09-29,0,0.05,850,FUT,NFO-FUT,NFO
21093122,82395,M&M22AUGFUT,M&M,0,2022-08-25,0,0.05,700,FUT,NFO-FUT,NFO
13866242,54165,M&M22JULFUT,M&M,0,2022-07-28,0,0.05,700,FUT,NFO-FUT,NFO
14028290,54798,M&M22SEPFUT,M&M,0,2022-09-29,0,0.05,700,FUT,NFO-FUT,NFO
21093378,82396,M&MFIN22AUGFUT,M&MFIN,0,2022-08-25,0,0.05,4000,FUT,NFO-FUT,NFO
13866498,54166,M&MFIN22JULFUT,M&MFIN,0,2022-07-28,0,0.05,4000,FUT,NFO-FUT,NFO
14029058,54801,M&MFIN22SEPFUT,M&MFIN,0,2022-09-29,0,0.05,4000,FUT,NFO-FUT,NFO
21093634,82397,MANAPPURAM22AUGFUT,MANAPPURAM,0,2022-08-25,0,0.05,6000,FUT,NFO-FUT,NFO
13866754,54167,MANAPPURAM22JULFUT,MANAPPURAM,0,2022-07-28,0,0.05,6000,FUT,NFO-FUT,NFO
14029314,54802,MANAPPURAM22SEPFUT,MANAPPURAM,0,2022-09-29,0,0.05,6000,FUT,NFO-FUT,NFO
21093890,82398,MARICO22AUGFUT,MARICO,0,2022-08-25,0,0.05,1200,FUT,NFO-FUT,NFO
13867010,54168,MARICO22JULFUT,MARICO,0,2022-07-28,0,0.05,1200,FUT,NFO-FUT,NFO
14029570,54803,MARICO22SEPFUT,MARICO,0,2022-09-29,0,0.05,1200,FUT,NFO-FUT,NFO
21094146,82399,MARUTI22AUGFUT,MARUTI,0,2022-08-25,0,0.05,100,FUT,NFO-FUT,NFO
13867266,54169,MARUTI22JULFUT,MARUTI,0,2022-07-28,0,0.05,100,FUT,NFO-FUT,NFO
14029826,54804,MARUTI22SEPFUT,MARUTI,0,2022-09-29,0,0.05,100,FUT,NFO-FUT,NFO
21094402,82400,MCDOWELL-N22AUGFUT,MCDOWELL-N,0,2022-08-25,0,0.05,625,FUT,NFO-FUT,NFO
13867522,54170,MCDOWELL-N22JULFUT,MCDOWELL-N,0,2022-07-28,0,0.05,625,FUT,NFO-FUT,NFO
14030082,54805,MCDOWELL-N22SEPFUT,MCDOWELL-N,0,2022-09-29,0,0.05,625,FUT,NFO-FUT,NFO
21094658,82401,MCX22AUGFUT,MCX,0,2022-08-25,0,0.05,400,FUT,NFO-FUT,NFO
13867778,54171,MCX22JULFUT,MCX,0,2022-07-28,0,0.05,400,FUT,NFO-FUT,NFO
14030338,54806,MCX22SEPFUT,MCX,0,2022-09-29,0,0.05,400,FUT,NFO-FUT,NFO
21094914,82402,METROPOLIS22AUGFUT,METROPOLIS,0,2022-08-25,0,0.05,300,FUT,NFO-FUT,NFO
13868034,54172,METROPOLIS22JULFUT,METROPOLIS,0,2022-07-28,0,0.05,300,FUT,NFO-FUT,NFO
14030594,54807,METROPOLIS22SEPFUT,METROPOLIS,0,2022-09-29,0,0.05,300,FUT,NFO-FUT,NFO
21095170,82403,MFSL22AUGFUT,MFSL,0,2022-08-25,0,0.05,650,FUT,NFO-FUT,NFO
13868290,54173,MFSL22JULFUT,MFSL,0,2022-07-28,0,0.05,650,FUT,NFO-FUT,NFO
14030850,54808,MFSL22SEPFUT,MFSL,0,2022-09-29,0,0.05,650,FUT,NFO-FUT,NFO
21095426,82404,MGL22AUGFUT,MGL,0,2022-08-25,0,0.05,800,FUT,NFO-FUT,NFO
13868546,54174,MGL22JULFUT,MGL,0,2022-07-28,0,0.05,800,FUT,NFO-FUT,NFO
14031106,54809,MGL22SEPFUT,MGL,0,2022-09-29,0,0.05,800,FUT,NFO-FUT,NFO
12273666,47944,MIDCPNIFTY22712FUT,MIDCPNIFTY,0,2022-07-12,0,0.05,75,FUT,NFO-FUT,NFO
20238082,79055,MIDCPNIFTY22719FUT,MIDCPNIFTY,0,2022-07-19,0,0.05,75,FUT,NFO-FUT,NFO
13957890,54523,MIDCPNIFTY22802FUT,MIDCPNIFTY,0,2022-08-02,0,0.05,75,FUT,NFO-FUT,NFO
9514498,37166,MIDCPNIFTY22808FUT,MIDCPNIFTY,0,2022-08-08,0,0.05,75,FUT,NFO-FUT,NFO
11854338,46306,MIDCPNIFTY22816FUT,MIDCPNIFTY,0,2022-08-16,0,0.05,75,FUT,NFO-FUT,NFO
13647362,53310,MIDCPNIFTY22823FUT,MIDCPNIFTY,0,2022-08-23,0,0.05,75,FUT,NFO-FUT,NFO
9966338,38931,MIDCPNIFTY22906FUT,MIDCPNIFTY,0,2022-09-06,0,0.05,75,FUT,NFO-FUT,NFO
9903106,38684,MIDCPNIFTY22AUGFUT,MIDCPNIFTY,0,2022-08-30,0,0.05,75,FUT,NFO-FUT,NFO
12581890,49148,MIDCPNIFTY22SEPFUT,MIDCPNIFTY,0,2022-09-27,0,0.05,75,FUT,NFO-FUT,NFO
21095682,82405,MINDTREE22AUGFUT,MINDTREE,0,2022-08-25,0,0.05,200,FUT,NFO-FUT,NFO
13868802,54175,MINDTREE22JULFUT,MINDTREE,0,2022-07-28,0,0.05,200,FUT,NFO-FUT,NFO
14031362,54810,MINDTREE22SEPFUT,MINDTREE,0,2022-09-29,0,0.05,200,FUT,NFO-FUT,NFO
21095938,82406,MOTHERSON22AUGFUT,MOTHERSON,0,2022-08-25,0,0.05,4500,FUT,NFO-FUT,NFO
13869058,54176,MOTHERSON22JULFUT,MOTHERSON,0,2022-07-28,0,0.05,4500,FUT,NFO-FUT,NFO
14031618,54811,MOTHERSON22SEPFUT,MOTHERSON,0,2022-09-29,0,0.05,4500,FUT,NFO-FUT,NFO
21096194,82407,MPHASIS22AUGFUT,MPHASIS,0,2022-08-25,0,0.05,175,FUT,NFO-FUT,NFO
13869314,54177,MPHASIS22JULFUT,MPHASIS,0,2022-07-28,0,0.05,175,FUT,NFO-FUT,NFO
14031874,54812,MPHASIS22SEPFUT,MPHASIS,0,2022-09-29,0,0.05,175,FUT,NFO-FUT,NFO
21096450,82408,MRF22AUGFUT,MRF,0,2022-08-25,0,0.05,10,FUT,NFO-FUT,NFO
13869570,54178,MRF22JULFUT,MRF,0,2022-07-28,0,0.05,10,FUT,NFO-FUT,NFO
14032130,54813,MRF22SEPFUT,MRF,0,2022-09-29,0,0.05,10,FUT,NFO-FUT,NFO
21096706,82409,MUTHOOTFIN22AUGFUT,MUTHOOTFIN,0,2022-08-25,0,0.05,375,FUT,NFO-FUT,NFO
13869826,54179,MUTHOOTFIN22JULFUT,MUTHOOTFIN,0,2022-07-28,0,0.05,375,FUT,NFO-FUT,NFO
14032386,54814,MUTHOOTFIN22SEPFUT,MUTHOOTFIN,0,2022-09-29,0,0.05,375,FUT,NFO-FUT,NFO
21096962,82410,NAM-INDIA22AUGFUT,NAM-INDIA,0,2022-08-25,0,0.05,1600,FUT,NFO-FUT,NFO
13870082,54180,NAM-INDIA22JULFUT,NAM-INDIA,0,2022-07-28,0,0.05,1600,FUT,NFO-FUT,NFO
21097218,82411,NATIONALUM22AUGFUT,NATIONALUM,0,2022-08-25,0,0.05,4250,FUT,NFO-FUT,NFO
13870338,54181,NATIONALUM22JULFUT,NATIONALUM,0,2022-07-28,0,0.05,4250,FUT,NFO-FUT,NFO
14032642,54815,NATIONALUM22SEPFUT,NATIONALUM,0,2022-09-29,0,0.05,4250,FUT,NFO-FUT,NFO
21097474,82412,NAUKRI22AUGFUT,NAUKRI,0,2022-08-25,0,0.05,125,FUT,NFO-FUT,NFO
13870594,54182,NAUKRI22JULFUT,NAUKRI,0,2022-07-28,0,0.05,125,FUT,NFO-FUT,NFO
14032898,54816,NAUKRI22SEPFUT,NAUKRI,0,2022-09-29,0,0.05,125,FUT,NFO-FUT,NFO
21097730,82413,NAVINFLUOR22AUGFUT,NAVINFLUOR,0,2022-08-25,0,0.05,225,FUT,NFO-FUT,NFO
13870850,54183,NAVINFLUOR22JULFUT,NAVINFLUOR,0,2022-07-28,0,0.05,225,FUT,NFO-FUT,NFO
14033154,54817,NAVINFLUOR22SEPFUT,NAVINFLUOR,0,2022-09-29,0,0.05,225,FUT,NFO-FUT,NFO
13871106,54184,NBCC22JULFUT,NBCC,0,2022-07-28,0,0.05,15000,FUT,NFO-FUT,NFO
21097986,82414,NESTLEIND22AUGFUT,NESTLEIND,0,2022-08-25,0,0.05,40,FUT,NFO-FUT,NFO
13871362,54185,NESTLEIND22JULFUT,NESTLEIND,0,2022-07-28,0,0.05,40,FUT,NFO-FUT,NFO
14033410,54818,NESTLEIND22SEPFUT,NESTLEIND,0,2022-09-29,0,0.05,40,FUT,NFO-FUT,NFO
21098242,82415,NMDC22AUGFUT,NMDC,0,2022-08-25,0,0.05,3350,FUT,NFO-FUT,NFO
13871618,54186,NMDC22JULFUT,NMDC,0,2022-07-28,0,0.05,3350,FUT,NFO-FUT,NFO
14033666,54819,NMDC22SEPFUT,NMDC,0,2022-09-29,0,0.05,3350,FUT,NFO-FUT,NFO
21098498,82416,NTPC22AUGFUT,NTPC,0,2022-08-25,0,0.05,5700,FUT,NFO-FUT,NFO
13871874,54187,NTPC22JULFUT,NTPC,0,2022-07-28,0,0.05,5700,FUT,NFO-FUT,NFO
14033922,54820,NTPC22SEPFUT,NTPC,0,2022-09-29,0,0.05,5700,FUT,NFO-FUT,NFO
21098754,82417,OBEROIRLTY22AUGFUT,OBEROIRLTY,0,2022-08-25,0,0.05,700,FUT,NFO-FUT,NFO
13872130,54188,OBEROIRLTY22JULFUT,OBEROIRLTY,0,2022-07-28,0,0.05,700,FUT,NFO-FUT,NFO
14034178,54821,OBEROIRLTY22SEPFUT,OBEROIRLTY,0,2022-09-29,0,0.05,700,FUT,NFO-FUT,NFO
21099010,82418,OFSS22AUGFUT,OFSS,0,2022-08-25,0,0.05,200,FUT,NFO-FUT,NFO
13872386,54189,OFSS22JULFUT,OFSS,0,2022-07-28,0,0.05,200,FUT,NFO-FUT,NFO
14034434,54822,OFSS22SEPFUT,OFSS,0,2022-09-29,0,0.05,200,FUT,NFO-FUT,NFO
21099266,82419,ONGC22AUGFUT,ONGC,0,2022-08-25,0,0.05,3850,FUT,NFO-FUT,NFO
13872642,54190,ONGC22JULFUT,ONGC,0,2022-07-28,0,0.05,3850,FUT,NFO-FUT,NFO
14034690,54823,ONGC22SEPFUT,ONGC,0,2022-09-29,0,0.05,3850,FUT,NFO-FUT,NFO
21099522,82420,PAGEIND22AUGFUT,PAGEIND,0,2022-08-25,0,0.05,15,FUT,NFO-FUT,NFO
13872898,54191,PAGEIND22JULFUT,PAGEIND,0,2022-07-28,0,0.05,15,FUT,NFO-FUT,NFO
14034946,54824,PAGEIND22SEPFUT,PAGEIND,0,2022-09-29,0,0.05,15,FUT,NFO-FUT,NFO
21099778,82421,PEL22AUGFUT,PEL,0,2022-08-25,0,0.05,275,FUT,NFO-FUT,NFO
13873154,54192,PEL22JULFUT,PEL,0,2022-07-28,0,0.05,275,FUT,NFO-FUT,NFO
14035202,54825,PEL22SEPFUT,PEL,0,2022-09-29,0,0.05,275,FUT,NFO-FUT,NFO
21100034,82422,PERSISTENT22AUGFUT,PERSISTENT,0,2022-08-25,0,0.05,150,FUT,NFO-FUT,NFO
13873410,54193,PERSISTENT22JULFUT,PERSISTENT,0,2022-07-28,0,0.05,150,FUT,NFO-FUT,NFO
14035458,54826,PERSISTENT22SEPFUT,PERSISTENT,0,2022-09-29,0,0.05,150,FUT,NFO-FUT,NFO
21100290,82423,PETRONET22AUGFUT,PETRONET,0,2022-08-25,0,0.05,3000,FUT,NFO-FUT,NFO
13873666,54194,PETRONET22JULFUT,PETRONET,0,2022-07-28,0,0.05,3000,FUT,NFO-FUT,NFO
14035714,54827,PETRONET22SEPFUT,PETRONET,0,2022-09-29,0,0.05,3000,FUT,NFO-FUT,NFO
21100546,82424,PFC22AUGFUT,PFC,0,2022-08-25,0,0.05,6200,FUT,NFO-FUT,NFO
13873922,54195,PFC22JULFUT,PFC,0,2022-07-28,0,0.05,6200,FUT,NFO-FUT,NFO
14035970,54828,PFC22SEPFUT,PFC,0,2022-09-29,0,0.05,6200,FUT,NFO-FUT,NFO
21100802,82425,PIDILITIND22AUGFUT,PIDILITIND,0,2022-08-25,0,0.05,250,FUT,NFO-FUT,NFO
13874178,54196,PIDILITIND22JULFUT,PIDILITIND,0,2022-07-28,0,0.05,250,FUT,NFO-FUT,NFO
14036226,54829,PIDILITIND22SEPFUT,PIDILITIND,0,2022-09-29,0,0.05,250,FUT,NFO-FUT,NFO
21101058,82426,PIIND22AUGFUT,PIIND,0,2022-08-25,0,0.05,250,FUT,NFO-FUT,NFO
13874434,54197,PIIND22JULFUT,PIIND,0,2022-07-28,0,0.05,250,FUT,NFO-FUT,NFO
14040066,54844,PIIND22SEPFUT,PIIND,0,2022-09-29,0,0.05,250,FUT,NFO-FUT,NFO
21101314,82427,PNB22AUGFUT,PNB,0,2022-08-25,0,0.05,16000,FUT,NFO-FUT,NFO
13874690,54198,PNB22JULFUT,PNB,0,2022-07-28,0,0.05,16000,FUT,NFO-FUT,NFO
14040322,54845,PNB22SEPFUT,PNB,0,2022-09-29,0,0.05,16000,FUT,NFO-FUT,NFO
21101570,82428,POLYCAB22AUGFUT,POLYCAB,0,2022-08-25,0,0.05,300,FUT,NFO-FUT,NFO
13874946,54199,POLYCAB22JULFUT,POLYCAB,0,2022-07-28,0,0.05,300,FUT,NFO-FUT,NFO
14040578,54846,POLYCAB22SEPFUT,POLYCAB,0,2022-09-29,0,0.05,300,FUT,NFO-FUT,NFO
21101826,82429,POWERGRID22AUGFUT,POWERGRID,0,2022-08-25,0,0.05,2700,FUT,NFO-FUT,NFO
13875202,54200,POWERGRID22JULFUT,POWERGRID,0,2022-07-28,0,0.05,2700,FUT,NFO-FUT,NFO
14040834,54847,POWERGRID22SEPFUT,POWERGRID,0,2022-09-29,0,0.05,2700,FUT,NFO-FUT,NFO
21102082,82430,PVR22AUGFUT,PVR,0,2022-08-25,0,0.05,407,FUT,NFO-FUT,NFO
13875458,54201,PVR22JULFUT,PVR,0,2022-07-28,0,0.05,407,FUT,NFO-FUT,NFO
14041090,54848,PVR22SEPFUT,PVR,0,2022-09-29,0,0.05,407,FUT,NFO-FUT,NFO
21102338,82431,RAIN22AUGFUT,RAIN,0,2022-08-25,0,0.05,3500,FUT,NFO-FUT,NFO
13875714,54202,RAIN22JULFUT,RAIN,0,2022-07-28,0,0.05,3500,FUT,NFO-FUT,NFO
14041346,54849,RAIN22SEPFUT,RAIN,0,2022-09-29,0,0.05,3500,FUT,NFO-FUT,NFO
21102594,82432,RAMCOCEM22AUGFUT,RAMCOCEM,0,2022-08-25,0,0.05,850,FUT,NFO-FUT,NFO
13875970,54203,RAMCOCEM22JULFUT,RAMCOCEM,0,2022-07-28,0,0.05,850,FUT,NFO-FUT,NFO
14041602,54850,RAMCOCEM22SEPFUT,RAMCOCEM,0,2022-09-29,0,0.05,850,FUT,NFO-FUT,NFO
21102850,82433,RBLBANK22AUGFUT,RBLBANK,0,2022-08-25,0,0.05,5000,FUT,NFO-FUT,NFO
13876226,54204,RBLBANK22JULFUT,RBLBANK,0,2022-07-28,0,0.05,5000,FUT,NFO-FUT,NFO
14042370,54853,RBLBANK22SEPFUT,RBLBANK,0,2022-09-29,0,0.05,5000,FUT,NFO-FUT,NFO
21103106,82434,RECLTD22AUGFUT,RECLTD,0,2022-08-25,0,0.05,6000,FUT,NFO-FUT,NFO
13876482,54205,RECLTD22JULFUT,RECLTD,0,2022-07-28,0,0.05,6000,FUT,NFO-FUT,NFO
14042626,54854,RECLTD22SEPFUT,RECLTD,0,2022-09-29,0,0.05,6000,FUT,NFO-FUT,NFO
21103362,82435,RELIANCE22AUGFUT,RELIANCE,0,2022-08-25,0,0.05,250,FUT,NFO-FUT,NFO
13876738,54206,RELIANCE22JULFUT,RELIANCE,0,2022-07-28,0,0.05,250,FUT,NFO-FUT,NFO
14042882,54855,RELIANCE22SEPFUT,RELIANCE,0,2022-09-29,0,0.05,250,FUT,NFO-FUT,NFO
21103618,82436,SAIL22AUGFUT,SAIL,0,2022-08-25,0,0.05,6000,FUT,NFO-FUT,NFO
13876994,54207,SAIL22JULFUT,SAIL,0,2022-07-28,0,0.05,6000,FUT,NFO-FUT,NFO
14043138,54856,SAIL22SEPFUT,SAIL,0,2022-09-29,0,0.05,6000,FUT,NFO-FUT,NFO
21103874,82437,SBICARD22AUGFUT,SBICARD,0,2022-08-25,0,0.05,800,FUT,NFO-FUT,NFO
13877250,54208,SBICARD22JULFUT,SBICARD,0,2022-07-28,0,0.05,800,FUT,NFO-FUT,NFO
14044418,54861,SBICARD22SEPFUT,SBICARD,0,2022-09-29,0,0.05,800,FUT,NFO-FUT,NFO
21104130,82438,SBILIFE22AUGFUT,SBILIFE,0,2022-08-25,0,0.05,750,FUT,NFO-FUT,NFO
13877506,54209,SBILIFE22JULFUT,SBILIFE,0,2022-07-28,0,0.05,750,FUT,NFO-FUT,NFO
14044674,54862,SBILIFE22SEPFUT,SBILIFE,0,2022-09-29,0,0.05,750,FUT,NFO-FUT,NFO
21104386,82439,SBIN22AUGFUT,SBIN,0,2022-08-25,0,0.05,1500,FUT,NFO-FUT,NFO
13877762,54210,SBIN22JULFUT,SBIN,0,2022-07-28,0,0.05,1500,FUT,NFO-FUT,NFO
14048002,54875,SBIN22SEPFUT,SBIN,0,2022-09-29,0,0.05,1500,FUT,NFO-FUT,NFO
21104642,82440,SHREECEM22AUGFUT,SHREECEM,0,2022-08-25,0,0.05,25,FUT,NFO-FUT,NFO
13878018,54211,SHREECEM22JULFUT,SHREECEM,0,2022-07-28,0,0.05,25,FUT,NFO-FUT,NFO
14048258,54876,SHREECEM22SEPFUT,SHREECEM,0,2022-09-29,0,0.05,25,FUT,NFO-FUT,NFO
21104898,82441,SIEMENS22AUGFUT,SIEMENS,0,2022-08-25,0,0.05,275,FUT,NFO-FUT,NFO
13878274,54212,SIEMENS22JULFUT,SIEMENS,0,2022-07-28,0,0.05,275,FUT,NFO-FUT,NFO
14048514,54877,SIEMENS22SEPFUT,SIEMENS,0,2022-09-29,0,0.05,275,FUT,NFO-FUT,NFO
21105154,82442,SRF22AUGFUT,SRF,0,2022-08-25,0,0.05,375,FUT,NFO-FUT,NFO
13878530,54213,SRF22JULFUT,SRF,0,2022-07-28,0,0.05,375,FUT,NFO-FUT,NFO
14048770,54878,SRF22SEPFUT,SRF,0,2022-09-29,0,0.05,375,FUT,NFO-FUT,NFO
21105410,82443,SRTRANSFIN22AUGFUT,SRTRANSFIN,0,2022-08-25,0,0.05,600,FUT,NFO-FUT,NFO
13878786,54214,SRTRANSFIN22JULFUT,SRTRANSFIN,0,2022-07-28,0,0.05,600,FUT,NFO-FUT,NFO
14049026,54879,SRTRANSFIN22SEPFUT,SRTRANSFIN,0,2022-09-29,0,0.05,600,FUT,NFO-FUT,NFO
21105666,82444,SUNPHARMA22AUGFUT,SUNPHARMA,0,2022-08-25,0,0.05,700,FUT,NFO-FUT,NFO
13879042,54215,SUNPHARMA22JULFUT,SUNPHARMA,0,2022-07-28,0,0.05,700,FUT,NFO-FUT,NFO
14049282,54880,SUNPHARMA22SEPFUT,SUNPHARMA,0,2022-09-29,0,0.05,700,FUT,NFO-FUT,NFO
21105922,82445,SUNTV22AUGFUT,SUNTV,0,2022-08-25,0,0.05,1500,FUT,NFO-FUT,NFO
13879298,54216,SUNTV22JULFUT,SUNTV,0,2022-07-28,0,0.05,1500,FUT,NFO-FUT,NFO
14049538,54881,SUNTV22SEPFUT,SUNTV,0,2022-09-29,0,0.05,1500,FUT,NFO-FUT,NFO
21106178,82446,SYNGENE22AUGFUT,SYNGENE,0,2022-08-25,0,0.05,1000,FUT,NFO-FUT,NFO
13879554,54217,SYNGENE22JULFUT,SYNGENE,0,2022-07-28,0,0.05,1000,FUT,NFO-FUT,NFO
14049794,54882,SYNGENE22SEPFUT,SYNGENE,0,2022-09-29,0,0.05,1000,FUT,NFO-FUT,NFO
21106434,82447,TATACHEM22AUGFUT,TATACHEM,0,2022-08-25,0,0.05,1000,FUT,NFO-FUT,NFO
13879810,54218,TATACHEM22JULFUT,TATACHEM,0,2022-07-28,0,0.05,1000,FUT,NFO-FUT,NFO
14050050,54883,TATACHEM22SEPFUT,TATACHEM,0,2022-09-29,0,0.05,1000,FUT,NFO-FUT,NFO
21106690,82448,TATACOMM22AUGFUT,TATACOMM,0,2022-08-25,0,0.05,500,FUT,NFO-FUT,NFO
13880066,54219,TATACOMM22JULFUT,TATACOMM,0,2022-07-28,0,0.05,500,FUT,NFO-FUT,NFO
14050306,54884,TATACOMM22SEPFUT,TATACOMM,0,2022-09-29,0,0.05,500,FUT,NFO-FUT,NFO
21106946,82449,TATACONSUM22AUGFUT,TATACONSUM,0,2022-08-25,0,0.05,900,FUT,NFO-FUT,NFO
13880322,54220,TATACONSUM22JULFUT,TATACONSUM,0,2022-07-28,0,0.05,900,FUT,NFO-FUT,NFO
14050562,54885,TATACONSUM22SEPFUT,TATACONSUM,0,2022-09-29,0,0.05,900,FUT,NFO-FUT,NFO
21107202,82450,TATAMOTORS22AUGFUT,TATAMOTORS,0,2022-08-25,0,0.05,1425,FUT,NFO-FUT,NFO
13880578,54221,TATAMOTORS22JULFUT,TATAMOTORS,0,2022-07-28,0,0.05,1425,FUT,NFO-FUT,NFO
14050818,54886,TATAMOTORS22SEPFUT,TATAMOTORS,0,2022-09-29,0,0.05,1425,FUT,NFO-FUT,NFO
21107458,82451,TATAPOWER22AUGFUT,TATAPOWER,0,2022-08-25,0,0.05,3375,FUT,NFO-FUT,NFO
13880834,54222,TATAPOWER22JULFUT,TATAPOWER,0,2022-07-28,0,0.05,3375,FUT,NFO-FUT,NFO
14051074,54887,TATAPOWER22SEPFUT,TATAPOWER,0,2022-09-29,0,0.05,3375,FUT,NFO-FUT,NFO
21107714,82452,TATASTEEL22AUGFUT,TATASTEEL,0,2022-08-25,0,0.05,425,FUT,NFO-FUT,NFO
13881090,54223,TATASTEEL22JULFUT,TATASTEEL,0,2022-07-28,0,0.05,425,FUT,NFO-FUT,NFO
14051330,54888,TATASTEEL22SEPFUT,TATASTEEL,0,2022-09-29,0,0.05,425,FUT,NFO-FUT,NFO
21107970,82453,TCS22AUGFUT,TCS,0,2022-08-25,0,0.05,150,FUT,NFO-FUT,NFO
13881346,54224,TCS22JULFUT,TCS,0,2022-07-28,0,0.05,150,FUT,NFO-FUT,NFO
14051586,54889,TCS22SEPFUT,TCS,0,2022-09-29,0,0.05,150,FUT,NFO-FUT,NFO
21108226,82454,TECHM22AUGFUT,TECHM,0,2022-08-25,0,0.05,600,FUT,NFO-FUT,NFO
13881602,54225,TECHM22JULFUT,TECHM,0,2022-07-28,0,0.05,600,FUT,NFO-FUT,NFO
14051842,54890,TECHM22SEPFUT,TECHM,0,2022-09-29,0,0.05,600,FUT,NFO-FUT,NFO
21108482,82455,TITAN22AUGFUT,TITAN,0,2022-08-25,0,0.05,375,FUT,NFO-FUT,NFO
13881858,54226,TITAN22JULFUT,TITAN,0,2022-07-28,0,0.05,375,FUT,NFO-FUT,NFO
14052098,54891,TITAN22SEPFUT,TITAN,0,2022-09-29,0,0.05,375,FUT,NFO-FUT,NFO
21108738,82456,TORNTPHARM22AUGFUT,TORNTPHARM,0,2022-08-25,0,0.05,500,FUT,NFO-FUT,NFO
13882114,54227,TORNTPHARM22JULFUT,TORNTPHARM,0,2022-07-28,0,0.05,500,FUT,NFO-FUT,NFO
14052354,54892,TORNTPHARM22SEPFUT,TORNTPHARM,0,2022-09-29,0,0.05,500,FUT,NFO-FUT,NFO
21108994,82457,TORNTPOWER22AUGFUT,TORNTPOWER,0,2022-08-25,0,0.05,1500,FUT,NFO-FUT,NFO
13882370,54228,TORNTPOWER22JULFUT,TORNTPOWER,0,2022-07-28,0,0.05,1500,FUT,NFO-FUT,NFO
14054146,54899,TORNTPOWER22SEPFUT,TORNTPOWER,0,2022-09-29,0,0.05,1500,FUT,NFO-FUT,NFO
21109250,82458,TRENT22AUGFUT,TRENT,0,2022-08-25,0,0.05,725,FUT,NFO-FUT,NFO
13882626,54229,TRENT22JULFUT,TRENT,0,2022-07-28,0,0.05,725,FUT,NFO-FUT,NFO
14056194,54907,TRENT22SEPFUT,TRENT,0,2022-09-29,0,0.05,725,FUT,NFO-FUT,NFO
21109506,82459,TVSMOTOR22AUGFUT,TVSMOTOR,0,2022-08-25,0,0.05,1400,FUT,NFO-FUT,NFO
13882882,54230,TVSMOTOR22JULFUT,TVSMOTOR,0,2022-07-28,0,0.05,1400,FUT,NFO-FUT,NFO
14056450,54908,TVSMOTOR22SEPFUT,TVSMOTOR,0,2022-09-29,0,0.05,1400,FUT,NFO-FUT,NFO
21109762,82460,UBL22AUGFUT,UBL,0,2022-08-25,0,0.05,400,FUT,NFO-FUT,NFO
13883138,54231,UBL22JULFUT,UBL,0,2022-07-28,0,0.05,400,FUT,NFO-FUT,NFO
14057730,54913,UBL22SEPFUT,UBL,0,2022-09-29,0,0.05,400,FUT,NFO-FUT,NFO
21110018,82461,ULTRACEMCO22AUGFUT,ULTRACEMCO,0,2022-08-25,0,0.05,100,FUT,NFO-FUT,NFO
13883394,54232,ULTRACEMCO22JULFUT,ULTRACEMCO,0,2022-07-28,0,0.05,100,FUT,NFO-FUT,NFO
14057986,54914,ULTRACEMCO22SEPFUT,ULTRACEMCO,0,2022-09-29,0,0.05,100,FUT,NFO-FUT,NFO
21110274,82462,UPL22AUGFUT,UPL,0,2022-08-25,0,0.05,1300,FUT,NFO-FUT,NFO
13883650,54233,UPL22JULFUT,UPL,0,2022-07-28,0,0.05,1300,FUT,NFO-FUT,NFO
14058242,54915,UPL22SEPFUT,UPL,0,2022-09-29,0,0.05,1300,FUT,NFO-FUT,NFO
21110530,82463,VEDL22AUGFUT,VEDL,0,2022-08-25,0,0.05,1550,FUT,NFO-FUT,NFO
13883906,54234,VEDL22JULFUT,VEDL,0,2022-07-28,0,0.05,1550,FUT,NFO-FUT,NFO
14058754,54917,VEDL22SEPFUT,VEDL,0,2022-09-29,0,0.05,1550,FUT,NFO-FUT,NFO
21110786,82464,VOLTAS22AUGFUT,VOLTAS,0,2022-08-25,0,0.05,500,FUT,NFO-FUT,NFO
13884162,54235,VOLTAS22JULFUT,VOLTAS,0,2022-07-28,0,0.05,500,FUT,NFO-FUT,NFO
14059010,54918,VOLTAS22SEPFUT,VOLTAS,0,2022-09-29,0,0.05,500,FUT,NFO-FUT,NFO
21111042,82465,WHIRLPOOL22AUGFUT,WHIRLPOOL,0,2022-08-25,0,0.05,350,FUT,NFO-FUT,NFO
13884418,54236,WHIRLPOOL22JULFUT,WHIRLPOOL,0,2022-07-28,0,0.05,350,FUT,NFO-FUT,NFO
14059266,54919,WHIRLPOOL22SEPFUT,WHIRLPOOL,0,2022-09-29,0,0.05,350,FUT,NFO-FUT,NFO
21111298,82466,WIPRO22AUGFUT,WIPRO,0,2022-08-25,0,0.05,1000,FUT,NFO-FUT,NFO
13884674,54237,WIPRO22JULFUT,WIPRO,0,2022-07-28,0,0.05,1000,FUT,NFO-FUT,NFO
14059522,54920,WIPRO22SEPFUT,WIPRO,0,2022-09-29,0,0.05,1000,FUT,NFO-FUT,NFO
21111554,82467,ZEEL22AUGFUT,ZEEL,0,2022-08-25,0,0.05,3000,FUT,NFO-FUT,NFO
13884930,54238,ZEEL22JULFUT,ZEEL,0,2022-07-28,0,0.05,3000,FUT,NFO-FUT,NFO
14061826,54929,ZEEL22SEPFUT,ZEEL,0,2022-09-29,0,0.05,3000,FUT,NFO-FUT,NFO
21111810,82468,ZYDUSLIFE22AUGFUT,ZYDUSLIFE,0,2022-08-25,0,0.05,1800,FUT,NFO-FUT,NFO
13885186,54239,ZYDUSLIFE22JULFUT,ZYDUSLIFE,0,2022-07-28,0,0.05,1800,FUT,NFO-FUT,NFO
14062082,54930,ZYDUSLIFE22SEPFUT,ZYDUSLIFE,0,2022-09-29,0,0.05,1800,FUT,NFO-FUT,NFO
